slice,bin_left,bin_right,count
fold_0,-0.1,-0.095,5
fold_0,-0.095,-0.09,1
fold_0,-0.09,-0.08499999999999999,13
fold_0,-0.08499999999999999,-0.07999999999999999,9
fold_0,-0.07999999999999999,-0.07499999999999998,14
fold_0,-0.07499999999999998,-0.06999999999999998,11
fold_0,-0.06999999999999998,-0.06499999999999997,29
fold_0,-0.06499999999999997,-0.05999999999999997,3
fold_0,-0.05999999999999997,-0.054999999999999966,26
fold_0,-0.054999999999999966,-0.04999999999999996,14
fold_0,-0.04999999999999996,-0.04499999999999996,5
fold_0,-0.04499999999999996,-0.03999999999999995,16
fold_0,-0.03999999999999995,-0.03499999999999995,9
fold_0,-0.03499999999999995,-0.029999999999999943,11
fold_0,-0.029999999999999943,-0.02499999999999994,34
fold_0,-0.02499999999999994,-0.019999999999999934,47
fold_0,-0.019999999999999934,-0.01499999999999993,23
fold_0,-0.01499999999999993,-0.009999999999999926,34
fold_0,-0.009999999999999926,-0.004999999999999921,46
fold_0,-0.004999999999999921,8.326672684688674e-17,33
fold_0,8.326672684688674e-17,0.005000000000000088,49
fold_0,0.005000000000000088,0.010000000000000092,43
fold_0,0.010000000000000092,0.015000000000000097,68
fold_0,0.015000000000000097,0.0200000000000001,66
fold_0,0.0200000000000001,0.025000000000000105,29
fold_0,0.025000000000000105,0.03000000000000011,31
fold_0,0.03000000000000011,0.035000000000000114,29
fold_0,0.035000000000000114,0.04000000000000012,42
fold_0,0.04000000000000012,0.04500000000000012,52
fold_0,0.04500000000000012,0.05000000000000013,24
fold_0,0.05000000000000013,0.05500000000000013,73
fold_0,0.05500000000000013,0.06000000000000014,15
fold_0,0.06000000000000014,0.06500000000000014,36
fold_0,0.06500000000000014,0.07000000000000015,22
fold_0,0.07000000000000015,0.07500000000000015,6
fold_0,0.07500000000000015,0.08000000000000015,2
fold_0,0.08000000000000015,0.08500000000000016,1
fold_0,0.08500000000000016,0.09000000000000016,10
fold_0,0.09000000000000016,0.09500000000000017,10
fold_0,0.09500000000000017,0.10000000000000017,9
fold_1,-0.1,-0.095,3
fold_1,-0.095,-0.09,4
fold_1,-0.09,-0.08499999999999999,7
fold_1,-0.08499999999999999,-0.07999999999999999,5
fold_1,-0.07999999999999999,-0.07499999999999998,9
fold_1,-0.07499999999999998,-0.06999999999999998,10
fold_1,-0.06999999999999998,-0.06499999999999997,51
fold_1,-0.06499999999999997,-0.05999999999999997,21
fold_1,-0.05999999999999997,-0.054999999999999966,6
fold_1,-0.054999999999999966,-0.04999999999999996,13
fold_1,-0.04999999999999996,-0.04499999999999996,33
fold_1,-0.04499999999999996,-0.03999999999999995,19
fold_1,-0.03999999999999995,-0.03499999999999995,41
fold_1,-0.03499999999999995,-0.029999999999999943,55
fold_1,-0.029999999999999943,-0.02499999999999994,25
fold_1,-0.02499999999999994,-0.019999999999999934,40
fold_1,-0.019999999999999934,-0.01499999999999993,49
fold_1,-0.01499999999999993,-0.009999999999999926,58
fold_1,-0.009999999999999926,-0.004999999999999921,39
fold_1,-0.004999999999999921,8.326672684688674e-17,56
fold_1,8.326672684688674e-17,0.005000000000000088,54
fold_1,0.005000000000000088,0.010000000000000092,72
fold_1,0.010000000000000092,0.015000000000000097,74
fold_1,0.015000000000000097,0.0200000000000001,33
fold_1,0.0200000000000001,0.025000000000000105,42
fold_1,0.025000000000000105,0.03000000000000011,38
fold_1,0.03000000000000011,0.035000000000000114,33
fold_1,0.035000000000000114,0.04000000000000012,23
fold_1,0.04000000000000012,0.04500000000000012,18
fold_1,0.04500000000000012,0.05000000000000013,14
fold_1,0.05000000000000013,0.05500000000000013,0
fold_1,0.05500000000000013,0.06000000000000014,17
fold_1,0.06000000000000014,0.06500000000000014,11
fold_1,0.06500000000000014,0.07000000000000015,4
fold_1,0.07000000000000015,0.07500000000000015,7
fold_1,0.07500000000000015,0.08000000000000015,1
fold_1,0.08000000000000015,0.08500000000000016,8
fold_1,0.08500000000000016,0.09000000000000016,7
fold_1,0.09000000000000016,0.09500000000000017,0
fold_1,0.09500000000000017,0.10000000000000017,0
fold_2,-0.1,-0.095,6
fold_2,-0.095,-0.09,2
fold_2,-0.09,-0.08499999999999999,4
fold_2,-0.08499999999999999,-0.07999999999999999,4
fold_2,-0.07999999999999999,-0.07499999999999998,16
fold_2,-0.07499999999999998,-0.06999999999999998,24
fold_2,-0.06999999999999998,-0.06499999999999997,12
fold_2,-0.06499999999999997,-0.05999999999999997,1
fold_2,-0.05999999999999997,-0.054999999999999966,12
fold_2,-0.054999999999999966,-0.04999999999999996,6
fold_2,-0.04999999999999996,-0.04499999999999996,11
fold_2,-0.04499999999999996,-0.03999999999999995,8
fold_2,-0.03999999999999995,-0.03499999999999995,53
fold_2,-0.03499999999999995,-0.029999999999999943,25
fold_2,-0.029999999999999943,-0.02499999999999994,17
fold_2,-0.02499999999999994,-0.019999999999999934,49
fold_2,-0.019999999999999934,-0.01499999999999993,54
fold_2,-0.01499999999999993,-0.009999999999999926,55
fold_2,-0.009999999999999926,-0.004999999999999921,32
fold_2,-0.004999999999999921,8.326672684688674e-17,63
fold_2,8.326672684688674e-17,0.005000000000000088,55
fold_2,0.005000000000000088,0.010000000000000092,79
fold_2,0.010000000000000092,0.015000000000000097,52
fold_2,0.015000000000000097,0.0200000000000001,42
fold_2,0.0200000000000001,0.025000000000000105,86
fold_2,0.025000000000000105,0.03000000000000011,45
fold_2,0.03000000000000011,0.035000000000000114,44
fold_2,0.035000000000000114,0.04000000000000012,33
fold_2,0.04000000000000012,0.04500000000000012,34
fold_2,0.04500000000000012,0.05000000000000013,27
fold_2,0.05000000000000013,0.05500000000000013,14
fold_2,0.05500000000000013,0.06000000000000014,10
fold_2,0.06000000000000014,0.06500000000000014,6
fold_2,0.06500000000000014,0.07000000000000015,22
fold_2,0.07000000000000015,0.07500000000000015,10
fold_2,0.07500000000000015,0.08000000000000015,4
fold_2,0.08000000000000015,0.08500000000000016,12
fold_2,0.08500000000000016,0.09000000000000016,1
fold_2,0.09000000000000016,0.09500000000000017,4
fold_2,0.09500000000000017,0.10000000000000017,0
fold_3,-0.1,-0.095,9
fold_3,-0.095,-0.09,1
fold_3,-0.09,-0.08499999999999999,19
fold_3,-0.08499999999999999,-0.07999999999999999,6
fold_3,-0.07999999999999999,-0.07499999999999998,0
fold_3,-0.07499999999999998,-0.06999999999999998,8
fold_3,-0.06999999999999998,-0.06499999999999997,3
fold_3,-0.06499999999999997,-0.05999999999999997,10
fold_3,-0.05999999999999997,-0.054999999999999966,45
fold_3,-0.054999999999999966,-0.04999999999999996,2
fold_3,-0.04999999999999996,-0.04499999999999996,7
fold_3,-0.04499999999999996,-0.03999999999999995,6
fold_3,-0.03999999999999995,-0.03499999999999995,12
fold_3,-0.03499999999999995,-0.029999999999999943,24
fold_3,-0.029999999999999943,-0.02499999999999994,18
fold_3,-0.02499999999999994,-0.019999999999999934,34
fold_3,-0.019999999999999934,-0.01499999999999993,22
fold_3,-0.01499999999999993,-0.009999999999999926,26
fold_3,-0.009999999999999926,-0.004999999999999921,51
fold_3,-0.004999999999999921,8.326672684688674e-17,51
fold_3,8.326672684688674e-17,0.005000000000000088,95
fold_3,0.005000000000000088,0.010000000000000092,58
fold_3,0.010000000000000092,0.015000000000000097,41
fold_3,0.015000000000000097,0.0200000000000001,95
fold_3,0.0200000000000001,0.025000000000000105,74
fold_3,0.025000000000000105,0.03000000000000011,35
fold_3,0.03000000000000011,0.035000000000000114,85
fold_3,0.035000000000000114,0.04000000000000012,54
fold_3,0.04000000000000012,0.04500000000000012,65
fold_3,0.04500000000000012,0.05000000000000013,10
fold_3,0.05000000000000013,0.05500000000000013,10
fold_3,0.05500000000000013,0.06000000000000014,2
fold_3,0.06000000000000014,0.06500000000000014,5
fold_3,0.06500000000000014,0.07000000000000015,7
fold_3,0.07000000000000015,0.07500000000000015,4
fold_3,0.07500000000000015,0.08000000000000015,2
fold_3,0.08000000000000015,0.08500000000000016,4
fold_3,0.08500000000000016,0.09000000000000016,9
fold_3,0.09000000000000016,0.09500000000000017,2
fold_3,0.09500000000000017,0.10000000000000017,0
locked_test,-0.1,-0.095,12
locked_test,-0.095,-0.09,4
locked_test,-0.09,-0.08499999999999999,0
locked_test,-0.08499999999999999,-0.07999999999999999,0
locked_test,-0.07999999999999999,-0.07499999999999998,1
locked_test,-0.07499999999999998,-0.06999999999999998,15
locked_test,-0.06999999999999998,-0.06499999999999997,6
locked_test,-0.06499999999999997,-0.05999999999999997,6
locked_test,-0.05999999999999997,-0.054999999999999966,11
locked_test,-0.054999999999999966,-0.04999999999999996,6
locked_test,-0.04999999999999996,-0.04499999999999996,7
locked_test,-0.04499999999999996,-0.03999999999999995,26
locked_test,-0.03999999999999995,-0.03499999999999995,13
locked_test,-0.03499999999999995,-0.029999999999999943,14
locked_test,-0.029999999999999943,-0.02499999999999994,37
locked_test,-0.02499999999999994,-0.019999999999999934,47
locked_test,-0.019999999999999934,-0.01499999999999993,59
locked_test,-0.01499999999999993,-0.009999999999999926,30
locked_test,-0.009999999999999926,-0.004999999999999921,67
locked_test,-0.004999999999999921,8.326672684688674e-17,100
locked_test,8.326672684688674e-17,0.005000000000000088,134
locked_test,0.005000000000000088,0.010000000000000092,72
locked_test,0.010000000000000092,0.015000000000000097,75
locked_test,0.015000000000000097,0.0200000000000001,60
locked_test,0.0200000000000001,0.025000000000000105,105
locked_test,0.025000000000000105,0.03000000000000011,58
locked_test,0.03000000000000011,0.035000000000000114,91
locked_test,0.035000000000000114,0.04000000000000012,82
locked_test,0.04000000000000012,0.04500000000000012,96
locked_test,0.04500000000000012,0.05000000000000013,24
locked_test,0.05000000000000013,0.05500000000000013,34
locked_test,0.05500000000000013,0.06000000000000014,27
locked_test,0.06000000000000014,0.06500000000000014,41
locked_test,0.06500000000000014,0.07000000000000015,38
locked_test,0.07000000000000015,0.07500000000000015,20
locked_test,0.07500000000000015,0.08000000000000015,83
locked_test,0.08000000000000015,0.08500000000000016,20
locked_test,0.08500000000000016,0.09000000000000016,25
locked_test,0.09000000000000016,0.09500000000000017,30
locked_test,0.09500000000000017,0.10000000000000017,8
